component_id,is_defective,archetype,curve_shape,hidden_within_limits
C0001,0,none,normal,
C0002,0,none,normal,
C0003,0,none,normal,
C0004,1,Bond Wire,accelerating,1
C0005,0,none,normal,
C0006,0,none,normal,
C0007,0,none,normal,
C0008,0,none,normal,
C0009,0,none,normal,
C0010,0,none,normal,
C0011,0,none,normal,
C0012,0,none,normal,
C0013,1,Gate Oxide,accelerating,1
C0014,0,none,normal,
C0015,0,none,normal,
C0016,0,none,normal,
C0017,0,none,normal,
C0018,0,none,normal,
C0019,1,Generic Latent,step,1
C0020,1,Gate Oxide,accelerating,0
C0021,0,none,normal,
C0022,0,none,normal,
C0023,0,none,normal,
C0024,0,none,normal,
C0025,0,none,normal,
C0026,0,none,normal,
C0027,0,none,normal,
C0028,0,none,normal,
C0029,0,none,normal,
C0030,0,none,normal,
C0031,0,none,normal,
C0032,0,none,normal,
C0033,0,none,normal,
C0034,0,none,normal,
C0035,0,none,normal,
C0036,0,none,normal,
C0037,0,none,normal,
C0038,0,none,normal,
C0039,0,none,normal,
C0040,0,none,normal,
C0041,0,none,normal,
C0042,0,none,normal,
C0043,0,none,normal,
C0044,0,none,normal,
C0045,0,none,normal,
C0046,0,none,normal,
C0047,0,none,normal,
C0048,0,none,normal,
C0049,0,none,normal,
C0050,0,none,normal,
C0051,0,none,normal,
C0052,0,none,normal,
C0053,0,none,normal,
C0054,0,none,normal,
C0055,0,none,normal,
C0056,0,none,normal,
C0057,0,none,normal,
C0058,0,none,normal,
C0059,0,none,normal,
C0060,0,none,normal,
C0061,0,none,normal,
C0062,0,none,normal,
C0063,0,none,normal,
C0064,0,none,normal,
C0065,1,Gate Oxide,step,1
C0066,0,none,normal,
C0067,0,none,normal,
C0068,0,none,normal,
C0069,0,none,normal,
C0070,0,none,normal,
C0071,0,none,normal,
C0072,0,none,normal,
C0073,0,none,normal,
C0074,0,none,normal,
C0075,0,none,normal,
C0076,0,none,normal,
C0077,0,none,normal,
C0078,0,none,normal,
C0079,0,none,normal,
C0080,0,none,normal,
C0081,0,none,normal,
C0082,0,none,normal,
C0083,0,none,normal,
C0084,0,none,normal,
C0085,0,none,normal,
C0086,1,Bond Wire,accelerating,1
C0087,0,none,normal,
C0088,0,none,normal,
C0089,0,none,normal,
C0090,0,none,normal,
C0091,0,none,normal,
C0092,0,none,normal,
C0093,0,none,normal,
C0094,0,none,normal,
C0095,0,none,normal,
C0096,0,none,normal,
C0097,0,none,normal,
C0098,1,Generic Latent,accelerating,1
C0099,0,none,normal,
C0100,0,none,normal,
C0101,0,none,normal,
C0102,0,none,normal,
C0103,1,Gate Oxide,linear,0
C0104,0,none,normal,
C0105,0,none,normal,
C0106,0,none,normal,
C0107,0,none,normal,
C0108,1,Bond Wire,accelerating,1
C0109,0,none,normal,
C0110,0,none,normal,
C0111,0,none,normal,
C0112,0,none,normal,
C0113,0,none,normal,
C0114,0,none,normal,
C0115,0,none,normal,
C0116,0,none,normal,
C0117,0,none,normal,
C0118,0,none,normal,
C0119,0,none,normal,
C0120,0,none,normal,
C0121,1,Gate Oxide,accelerating,0
C0122,0,none,normal,
C0123,0,none,normal,
C0124,0,none,normal,
C0125,0,none,normal,
C0126,0,none,normal,
C0127,0,none,normal,
C0128,0,none,normal,
C0129,0,none,normal,
C0130,0,none,normal,
C0131,0,none,normal,
C0132,0,none,normal,
C0133,0,none,normal,
C0134,0,none,normal,
C0135,0,none,normal,
C0136,0,none,normal,
C0137,0,none,normal,
C0138,0,none,normal,
C0139,0,none,normal,
C0140,0,none,normal,
C0141,0,none,normal,
C0142,0,none,normal,
C0143,0,none,normal,
C0144,0,none,normal,
C0145,0,none,normal,
C0146,0,none,normal,
C0147,0,none,normal,
C0148,0,none,normal,
C0149,0,none,normal,
C0150,0,none,normal,
C0151,0,none,normal,
C0152,0,none,normal,
C0153,0,none,normal,
C0154,0,none,normal,
C0155,0,none,normal,
C0156,0,none,normal,
C0157,0,none,normal,
C0158,0,none,normal,
C0159,0,none,normal,
C0160,0,none,normal,
C0161,0,none,normal,
C0162,0,none,normal,
C0163,1,Gate Oxide,linear,1
C0164,0,none,normal,
C0165,0,none,normal,
C0166,0,none,normal,
C0167,0,none,normal,
C0168,0,none,normal,
C0169,0,none,normal,
C0170,0,none,normal,
C0171,0,none,normal,
C0172,0,none,normal,
C0173,0,none,normal,
C0174,0,none,normal,
C0175,0,none,normal,
C0176,0,none,normal,
C0177,0,none,normal,
C0178,0,none,normal,
C0179,0,none,normal,
C0180,0,none,normal,
C0181,0,none,normal,
C0182,0,none,normal,
C0183,0,none,normal,
C0184,1,Gate Oxide,accelerating,1
C0185,1,Gate Oxide,accelerating,1
C0186,0,none,normal,
C0187,0,none,normal,
C0188,0,none,normal,
C0189,0,none,normal,
C0190,0,none,normal,
C0191,0,none,normal,
C0192,0,none,normal,
C0193,0,none,normal,
C0194,0,none,normal,
C0195,0,none,normal,
C0196,0,none,normal,
C0197,1,Bond Wire,accelerating,1
C0198,0,none,normal,
C0199,0,none,normal,
C0200,0,none,normal,
C0201,0,none,normal,
C0202,1,Generic Latent,accelerating,1
C0203,0,none,normal,
C0204,0,none,normal,
C0205,0,none,normal,
C0206,0,none,normal,
C0207,0,none,normal,
C0208,1,Generic Latent,accelerating,1
C0209,0,none,normal,
C0210,0,none,normal,
C0211,0,none,normal,
C0212,0,none,normal,
C0213,1,Generic Latent,linear,1
C0214,0,none,normal,
C0215,0,none,normal,
C0216,0,none,normal,
C0217,0,none,normal,
C0218,0,none,normal,
C0219,0,none,normal,
C0220,0,none,normal,
C0221,0,none,normal,
C0222,1,Bond Wire,step,1
C0223,0,none,normal,
C0224,0,none,normal,
C0225,0,none,normal,
C0226,0,none,normal,
C0227,0,none,normal,
C0228,0,none,normal,
C0229,0,none,normal,
C0230,0,none,normal,
C0231,0,none,normal,
C0232,0,none,normal,
C0233,1,Gate Oxide,linear,0
C0234,0,none,normal,
C0235,0,none,normal,
C0236,0,none,normal,
C0237,0,none,normal,
C0238,0,none,normal,
C0239,1,Generic Latent,accelerating,1
C0240,0,none,normal,
C0241,0,none,normal,
C0242,0,none,normal,
C0243,0,none,normal,
C0244,0,none,normal,
C0245,0,none,normal,
C0246,0,none,normal,
C0247,0,none,normal,
C0248,0,none,normal,
C0249,0,none,normal,
C0250,0,none,normal,
C0251,0,none,normal,
C0252,0,none,normal,
C0253,0,none,normal,
C0254,0,none,normal,
C0255,0,none,normal,
C0256,0,none,normal,
C0257,0,none,normal,
C0258,0,none,normal,
C0259,0,none,normal,
C0260,1,Generic Latent,accelerating,1
C0261,0,none,normal,
C0262,0,none,normal,
C0263,0,none,normal,
C0264,0,none,normal,
C0265,0,none,normal,
C0266,0,none,normal,
C0267,0,none,normal,
C0268,0,none,normal,
C0269,0,none,normal,
C0270,0,none,normal,
C0271,0,none,normal,
C0272,0,none,normal,
C0273,0,none,normal,
C0274,0,none,normal,
C0275,0,none,normal,
C0276,0,none,normal,
C0277,0,none,normal,
C0278,0,none,normal,
C0279,0,none,normal,
C0280,0,none,normal,
C0281,0,none,normal,
C0282,0,none,normal,
C0283,0,none,normal,
C0284,0,none,normal,
C0285,0,none,normal,
C0286,0,none,normal,
C0287,0,none,normal,
C0288,0,none,normal,
C0289,0,none,normal,
C0290,0,none,normal,
C0291,0,none,normal,
C0292,0,none,normal,
C0293,0,none,normal,
C0294,0,none,normal,
C0295,0,none,normal,
C0296,1,Gate Oxide,accelerating,0
C0297,0,none,normal,
C0298,0,none,normal,
C0299,0,none,normal,
C0300,0,none,normal,
C0301,0,none,normal,
C0302,0,none,normal,
C0303,0,none,normal,
C0304,0,none,normal,
C0305,0,none,normal,
C0306,0,none,normal,
C0307,0,none,normal,
C0308,0,none,normal,
C0309,0,none,normal,
C0310,0,none,normal,
C0311,1,Gate Oxide,accelerating,1
C0312,0,none,normal,
C0313,0,none,normal,
C0314,0,none,normal,
C0315,0,none,normal,
C0316,0,none,normal,
C0317,0,none,normal,
C0318,0,none,normal,
C0319,0,none,normal,
C0320,0,none,normal,
C0321,0,none,normal,
C0322,0,none,normal,
C0323,0,none,normal,
C0324,0,none,normal,
C0325,0,none,normal,
C0326,0,none,normal,
C0327,0,none,normal,
C0328,0,none,normal,
C0329,1,Bond Wire,linear,1
C0330,0,none,normal,
C0331,0,none,normal,
C0332,0,none,normal,
C0333,0,none,normal,
C0334,0,none,normal,
C0335,0,none,normal,
C0336,0,none,normal,
C0337,0,none,normal,
C0338,0,none,normal,
C0339,0,none,normal,
C0340,1,Gate Oxide,accelerating,1
C0341,1,Bond Wire,accelerating,1
C0342,0,none,normal,
C0343,0,none,normal,
C0344,0,none,normal,
C0345,0,none,normal,
C0346,0,none,normal,
C0347,0,none,normal,
C0348,0,none,normal,
C0349,0,none,normal,
C0350,1,Bond Wire,accelerating,0
C0351,0,none,normal,
C0352,0,none,normal,
C0353,0,none,normal,
C0354,0,none,normal,
C0355,0,none,normal,
C0356,1,Gate Oxide,linear,0
C0357,0,none,normal,
C0358,0,none,normal,
C0359,0,none,normal,
C0360,0,none,normal,
C0361,0,none,normal,
C0362,0,none,normal,
C0363,0,none,normal,
C0364,0,none,normal,
C0365,0,none,normal,
C0366,0,none,normal,
C0367,0,none,normal,
C0368,1,Generic Latent,linear,1
C0369,0,none,normal,
C0370,0,none,normal,
C0371,0,none,normal,
C0372,1,Generic Latent,saturating,1
C0373,0,none,normal,
C0374,0,none,normal,
C0375,0,none,normal,
C0376,0,none,normal,
C0377,0,none,normal,
C0378,0,none,normal,
C0379,0,none,normal,
C0380,0,none,normal,
C0381,0,none,normal,
C0382,1,Gate Oxide,accelerating,0
C0383,0,none,normal,
C0384,0,none,normal,
C0385,0,none,normal,
C0386,0,none,normal,
C0387,0,none,normal,
C0388,0,none,normal,
C0389,0,none,normal,
C0390,0,none,normal,
C0391,0,none,normal,
C0392,1,Gate Oxide,linear,1
C0393,0,none,normal,
C0394,0,none,normal,
C0395,0,none,normal,
C0396,0,none,normal,
C0397,0,none,normal,
C0398,0,none,normal,
C0399,0,none,normal,
C0400,0,none,normal,
C0401,0,none,normal,
C0402,0,none,normal,
C0403,0,none,normal,
C0404,0,none,normal,
C0405,0,none,normal,
C0406,0,none,normal,
C0407,0,none,normal,
C0408,0,none,normal,
C0409,0,none,normal,
C0410,0,none,normal,
C0411,0,none,normal,
C0412,0,none,normal,
C0413,0,none,normal,
C0414,0,none,normal,
C0415,0,none,normal,
C0416,0,none,normal,
C0417,0,none,normal,
C0418,0,none,normal,
C0419,0,none,normal,
C0420,0,none,normal,
C0421,1,Generic Latent,linear,1
C0422,0,none,normal,
C0423,0,none,normal,
C0424,1,Bond Wire,accelerating,0
C0425,1,Gate Oxide,accelerating,1
C0426,0,none,normal,
C0427,0,none,normal,
C0428,0,none,normal,
C0429,0,none,normal,
C0430,0,none,normal,
C0431,0,none,normal,
C0432,0,none,normal,
C0433,0,none,normal,
C0434,0,none,normal,
C0435,0,none,normal,
C0436,0,none,normal,
C0437,0,none,normal,
C0438,0,none,normal,
C0439,1,Gate Oxide,saturating,1
C0440,0,none,normal,
C0441,1,Bond Wire,linear,1
C0442,0,none,normal,
C0443,0,none,normal,
C0444,0,none,normal,
C0445,0,none,normal,
C0446,0,none,normal,
C0447,0,none,normal,
C0448,0,none,normal,
C0449,0,none,normal,
C0450,0,none,normal,
C0451,0,none,normal,
C0452,0,none,normal,
C0453,0,none,normal,
C0454,0,none,normal,
C0455,0,none,normal,
C0456,1,Bond Wire,accelerating,0
C0457,0,none,normal,
C0458,0,none,normal,
C0459,0,none,normal,
C0460,1,Gate Oxide,accelerating,1
C0461,1,Generic Latent,accelerating,1
C0462,0,none,normal,
C0463,1,Generic Latent,accelerating,1
C0464,0,none,normal,
C0465,0,none,normal,
C0466,0,none,normal,
C0467,0,none,normal,
C0468,0,none,normal,
C0469,0,none,normal,
C0470,0,none,normal,
C0471,0,none,normal,
C0472,0,none,normal,
C0473,0,none,normal,
C0474,0,none,normal,
C0475,0,none,normal,
C0476,0,none,normal,
C0477,0,none,normal,
C0478,0,none,normal,
C0479,0,none,normal,
C0480,0,none,normal,
C0481,0,none,normal,
C0482,0,none,normal,
C0483,0,none,normal,
C0484,0,none,normal,
C0485,1,Gate Oxide,accelerating,1
C0486,0,none,normal,
C0487,0,none,normal,
C0488,0,none,normal,
C0489,0,none,normal,
C0490,0,none,normal,
C0491,0,none,normal,
C0492,1,Generic Latent,step,1
C0493,0,none,normal,
C0494,0,none,normal,
C0495,1,Gate Oxide,saturating,1
C0496,0,none,normal,
C0497,0,none,normal,
C0498,0,none,normal,
C0499,0,none,normal,
C0500,0,none,normal,
C0501,0,none,normal,
C0502,1,Bond Wire,accelerating,1
C0503,0,none,normal,
C0504,0,none,normal,
C0505,0,none,normal,
C0506,0,none,normal,
C0507,0,none,normal,
C0508,1,Generic Latent,linear,1
C0509,0,none,normal,
C0510,0,none,normal,
C0511,0,none,normal,
C0512,0,none,normal,
C0513,0,none,normal,
C0514,1,Generic Latent,saturating,1
C0515,0,none,normal,
C0516,0,none,normal,
C0517,1,Gate Oxide,linear,1
C0518,0,none,normal,
C0519,1,Generic Latent,linear,1
C0520,0,none,normal,
C0521,0,none,normal,
C0522,0,none,normal,
C0523,0,none,normal,
C0524,0,none,normal,
C0525,0,none,normal,
C0526,0,none,normal,
C0527,0,none,normal,
C0528,0,none,normal,
C0529,0,none,normal,
C0530,0,none,normal,
C0531,0,none,normal,
C0532,0,none,normal,
C0533,0,none,normal,
C0534,0,none,normal,
C0535,1,Generic Latent,linear,1
C0536,0,none,normal,
C0537,0,none,normal,
C0538,0,none,normal,
C0539,0,none,normal,
C0540,1,Gate Oxide,accelerating,1
C0541,1,Generic Latent,saturating,1
C0542,0,none,normal,
C0543,0,none,normal,
C0544,0,none,normal,
C0545,0,none,normal,
C0546,0,none,normal,
C0547,1,Bond Wire,linear,1
C0548,0,none,normal,
C0549,0,none,normal,
C0550,0,none,normal,
C0551,0,none,normal,
C0552,0,none,normal,
C0553,0,none,normal,
C0554,0,none,normal,
C0555,0,none,normal,
C0556,0,none,normal,
C0557,0,none,normal,
C0558,0,none,normal,
C0559,0,none,normal,
C0560,0,none,normal,
C0561,0,none,normal,
C0562,0,none,normal,
C0563,0,none,normal,
C0564,1,Generic Latent,accelerating,1
C0565,0,none,normal,
C0566,0,none,normal,
C0567,0,none,normal,
C0568,0,none,normal,
C0569,0,none,normal,
C0570,0,none,normal,
C0571,0,none,normal,
C0572,1,Gate Oxide,step,1
C0573,0,none,normal,
C0574,0,none,normal,
C0575,0,none,normal,
C0576,0,none,normal,
C0577,0,none,normal,
C0578,0,none,normal,
C0579,1,Bond Wire,accelerating,1
C0580,0,none,normal,
C0581,0,none,normal,
C0582,0,none,normal,
C0583,0,none,normal,
C0584,0,none,normal,
C0585,0,none,normal,
C0586,0,none,normal,
C0587,0,none,normal,
C0588,0,none,normal,
C0589,0,none,normal,
C0590,0,none,normal,
C0591,0,none,normal,
C0592,0,none,normal,
C0593,0,none,normal,
C0594,0,none,normal,
C0595,0,none,normal,
C0596,0,none,normal,
C0597,0,none,normal,
C0598,1,Gate Oxide,saturating,0
C0599,0,none,normal,
C0600,0,none,normal,
C0601,0,none,normal,
C0602,0,none,normal,
C0603,0,none,normal,
C0604,0,none,normal,
C0605,0,none,normal,
C0606,0,none,normal,
C0607,0,none,normal,
C0608,0,none,normal,
C0609,0,none,normal,
C0610,0,none,normal,
C0611,0,none,normal,
C0612,0,none,normal,
C0613,0,none,normal,
C0614,0,none,normal,
C0615,0,none,normal,
C0616,0,none,normal,
C0617,0,none,normal,
C0618,0,none,normal,
C0619,0,none,normal,
C0620,0,none,normal,
C0621,0,none,normal,
C0622,0,none,normal,
C0623,0,none,normal,
C0624,0,none,normal,
C0625,0,none,normal,
C0626,0,none,normal,
C0627,0,none,normal,
C0628,0,none,normal,
C0629,0,none,normal,
C0630,0,none,normal,
C0631,0,none,normal,
C0632,0,none,normal,
C0633,0,none,normal,
C0634,0,none,normal,
C0635,0,none,normal,
C0636,0,none,normal,
C0637,0,none,normal,
C0638,0,none,normal,
C0639,0,none,normal,
C0640,0,none,normal,
C0641,0,none,normal,
C0642,0,none,normal,
C0643,0,none,normal,
C0644,0,none,normal,
C0645,0,none,normal,
C0646,0,none,normal,
C0647,0,none,normal,
C0648,0,none,normal,
C0649,0,none,normal,
C0650,0,none,normal,
C0651,0,none,normal,
C0652,0,none,normal,
C0653,0,none,normal,
C0654,0,none,normal,
C0655,0,none,normal,
C0656,0,none,normal,
C0657,0,none,normal,
C0658,0,none,normal,
C0659,0,none,normal,
C0660,0,none,normal,
C0661,0,none,normal,
C0662,0,none,normal,
C0663,0,none,normal,
C0664,0,none,normal,
C0665,0,none,normal,
C0666,0,none,normal,
C0667,0,none,normal,
C0668,0,none,normal,
C0669,0,none,normal,
C0670,0,none,normal,
C0671,0,none,normal,
C0672,0,none,normal,
C0673,0,none,normal,
C0674,0,none,normal,
C0675,0,none,normal,
C0676,0,none,normal,
C0677,0,none,normal,
C0678,0,none,normal,
C0679,0,none,normal,
C0680,0,none,normal,
C0681,0,none,normal,
C0682,0,none,normal,
C0683,0,none,normal,
C0684,0,none,normal,
C0685,0,none,normal,
C0686,0,none,normal,
C0687,0,none,normal,
C0688,0,none,normal,
C0689,0,none,normal,
C0690,0,none,normal,
C0691,0,none,normal,
C0692,0,none,normal,
C0693,0,none,normal,
C0694,0,none,normal,
C0695,0,none,normal,
C0696,0,none,normal,
C0697,0,none,normal,
C0698,0,none,normal,
C0699,0,none,normal,
C0700,0,none,normal,
C0701,0,none,normal,
C0702,0,none,normal,
C0703,0,none,normal,
C0704,0,none,normal,
C0705,0,none,normal,
C0706,0,none,normal,
C0707,0,none,normal,
C0708,0,none,normal,
C0709,0,none,normal,
C0710,0,none,normal,
C0711,0,none,normal,
C0712,0,none,normal,
C0713,0,none,normal,
C0714,0,none,normal,
C0715,0,none,normal,
C0716,1,Generic Latent,accelerating,1
C0717,0,none,normal,
C0718,0,none,normal,
C0719,0,none,normal,
C0720,0,none,normal,
C0721,0,none,normal,
C0722,0,none,normal,
C0723,0,none,normal,
C0724,0,none,normal,
C0725,0,none,normal,
C0726,0,none,normal,
C0727,0,none,normal,
C0728,0,none,normal,
C0729,0,none,normal,
C0730,0,none,normal,
C0731,0,none,normal,
C0732,0,none,normal,
C0733,0,none,normal,
C0734,0,none,normal,
C0735,0,none,normal,
C0736,0,none,normal,
C0737,0,none,normal,
C0738,0,none,normal,
C0739,0,none,normal,
C0740,0,none,normal,
C0741,0,none,normal,
C0742,0,none,normal,
C0743,0,none,normal,
C0744,0,none,normal,
C0745,0,none,normal,
C0746,0,none,normal,
C0747,0,none,normal,
C0748,0,none,normal,
C0749,0,none,normal,
C0750,1,Generic Latent,accelerating,1
C0751,0,none,normal,
C0752,0,none,normal,
C0753,0,none,normal,
C0754,0,none,normal,
C0755,0,none,normal,
C0756,0,none,normal,
C0757,0,none,normal,
C0758,0,none,normal,
C0759,0,none,normal,
C0760,0,none,normal,
C0761,0,none,normal,
C0762,0,none,normal,
C0763,0,none,normal,
C0764,0,none,normal,
C0765,0,none,normal,
C0766,0,none,normal,
C0767,0,none,normal,
C0768,0,none,normal,
C0769,0,none,normal,
C0770,0,none,normal,
C0771,0,none,normal,
C0772,0,none,normal,
C0773,0,none,normal,
C0774,0,none,normal,
C0775,0,none,normal,
C0776,0,none,normal,
C0777,0,none,normal,
C0778,0,none,normal,
C0779,0,none,normal,
C0780,0,none,normal,
C0781,0,none,normal,
C0782,0,none,normal,
C0783,0,none,normal,
C0784,0,none,normal,
C0785,0,none,normal,
C0786,0,none,normal,
C0787,0,none,normal,
C0788,0,none,normal,
C0789,0,none,normal,
C0790,0,none,normal,
C0791,0,none,normal,
C0792,1,Gate Oxide,accelerating,1
C0793,0,none,normal,
C0794,0,none,normal,
C0795,0,none,normal,
C0796,0,none,normal,
C0797,0,none,normal,
C0798,0,none,normal,
C0799,0,none,normal,
C0800,0,none,normal,
C0801,0,none,normal,
C0802,0,none,normal,
C0803,0,none,normal,
C0804,0,none,normal,
C0805,0,none,normal,
C0806,0,none,normal,
C0807,0,none,normal,
C0808,1,Bond Wire,linear,1
C0809,0,none,normal,
C0810,0,none,normal,
C0811,0,none,normal,
C0812,1,Bond Wire,step,1
C0813,0,none,normal,
C0814,0,none,normal,
C0815,0,none,normal,
C0816,0,none,normal,
C0817,0,none,normal,
C0818,0,none,normal,
C0819,0,none,normal,
C0820,0,none,normal,
C0821,0,none,normal,
C0822,1,Bond Wire,step,1
C0823,0,none,normal,
C0824,0,none,normal,
C0825,0,none,normal,
C0826,0,none,normal,
C0827,0,none,normal,
C0828,0,none,normal,
C0829,0,none,normal,
C0830,0,none,normal,
C0831,0,none,normal,
C0832,0,none,normal,
C0833,0,none,normal,
C0834,0,none,normal,
C0835,0,none,normal,
C0836,0,none,normal,
C0837,0,none,normal,
C0838,0,none,normal,
C0839,0,none,normal,
C0840,1,Bond Wire,linear,1
C0841,0,none,normal,
C0842,0,none,normal,
C0843,0,none,normal,
C0844,0,none,normal,
C0845,0,none,normal,
C0846,0,none,normal,
C0847,0,none,normal,
C0848,0,none,normal,
C0849,0,none,normal,
C0850,0,none,normal,
C0851,0,none,normal,
C0852,0,none,normal,
C0853,0,none,normal,
C0854,0,none,normal,
C0855,0,none,normal,
C0856,0,none,normal,
C0857,0,none,normal,
C0858,0,none,normal,
C0859,0,none,normal,
C0860,0,none,normal,
C0861,0,none,normal,
C0862,0,none,normal,
C0863,0,none,normal,
C0864,0,none,normal,
C0865,0,none,normal,
C0866,0,none,normal,
C0867,0,none,normal,
C0868,0,none,normal,
C0869,0,none,normal,
C0870,0,none,normal,
C0871,0,none,normal,
C0872,0,none,normal,
C0873,0,none,normal,
C0874,0,none,normal,
C0875,0,none,normal,
C0876,0,none,normal,
C0877,0,none,normal,
C0878,0,none,normal,
C0879,0,none,normal,
C0880,0,none,normal,
C0881,0,none,normal,
C0882,0,none,normal,
C0883,0,none,normal,
C0884,0,none,normal,
C0885,0,none,normal,
C0886,0,none,normal,
C0887,0,none,normal,
C0888,0,none,normal,
C0889,0,none,normal,
C0890,0,none,normal,
C0891,0,none,normal,
C0892,0,none,normal,
C0893,0,none,normal,
C0894,0,none,normal,
C0895,0,none,normal,
C0896,0,none,normal,
C0897,0,none,normal,
C0898,0,none,normal,
C0899,0,none,normal,
C0900,0,none,normal,
C0901,1,Gate Oxide,linear,1
C0902,0,none,normal,
C0903,0,none,normal,
C0904,0,none,normal,
C0905,0,none,normal,
C0906,0,none,normal,
C0907,1,Bond Wire,linear,1
C0908,0,none,normal,
C0909,1,Gate Oxide,accelerating,1
C0910,0,none,normal,
C0911,0,none,normal,
C0912,0,none,normal,
C0913,0,none,normal,
C0914,0,none,normal,
C0915,0,none,normal,
C0916,0,none,normal,
C0917,0,none,normal,
C0918,0,none,normal,
C0919,0,none,normal,
C0920,0,none,normal,
C0921,0,none,normal,
C0922,0,none,normal,
C0923,0,none,normal,
C0924,0,none,normal,
C0925,0,none,normal,
C0926,0,none,normal,
C0927,0,none,normal,
C0928,0,none,normal,
C0929,0,none,normal,
C0930,1,Gate Oxide,accelerating,0
C0931,0,none,normal,
C0932,0,none,normal,
C0933,0,none,normal,
C0934,0,none,normal,
C0935,0,none,normal,
C0936,0,none,normal,
C0937,0,none,normal,
C0938,0,none,normal,
C0939,0,none,normal,
C0940,0,none,normal,
C0941,0,none,normal,
C0942,0,none,normal,
C0943,0,none,normal,
C0944,0,none,normal,
C0945,0,none,normal,
C0946,0,none,normal,
C0947,0,none,normal,
C0948,0,none,normal,
C0949,1,Bond Wire,accelerating,0
C0950,1,Generic Latent,accelerating,1
C0951,1,Bond Wire,accelerating,1
C0952,0,none,normal,
C0953,0,none,normal,
C0954,0,none,normal,
C0955,0,none,normal,
C0956,1,Gate Oxide,accelerating,1
C0957,0,none,normal,
C0958,0,none,normal,
C0959,0,none,normal,
C0960,0,none,normal,
C0961,1,Gate Oxide,accelerating,1
C0962,0,none,normal,
C0963,0,none,normal,
C0964,0,none,normal,
C0965,0,none,normal,
C0966,0,none,normal,
C0967,0,none,normal,
C0968,0,none,normal,
C0969,0,none,normal,
C0970,0,none,normal,
C0971,1,Bond Wire,saturating,1
C0972,0,none,normal,
C0973,0,none,normal,
C0974,0,none,normal,
C0975,0,none,normal,
C0976,0,none,normal,
C0977,0,none,normal,
C0978,0,none,normal,
C0979,1,Generic Latent,linear,1
C0980,0,none,normal,
C0981,0,none,normal,
C0982,0,none,normal,
C0983,0,none,normal,
C0984,0,none,normal,
C0985,0,none,normal,
C0986,0,none,normal,
C0987,1,Bond Wire,step,1
C0988,1,Bond Wire,saturating,1
C0989,0,none,normal,
C0990,0,none,normal,
C0991,0,none,normal,
C0992,1,Gate Oxide,accelerating,0
C0993,0,none,normal,
C0994,0,none,normal,
C0995,0,none,normal,
C0996,1,Generic Latent,linear,1
C0997,0,none,normal,
C0998,0,none,normal,
C0999,0,none,normal,
C1000,0,none,normal,
C1001,0,none,normal,
C1002,0,none,normal,
C1003,0,none,normal,
C1004,0,none,normal,
C1005,0,none,normal,
C1006,1,Gate Oxide,linear,1
C1007,0,none,normal,
C1008,0,none,normal,
C1009,0,none,normal,
C1010,0,none,normal,
C1011,1,Generic Latent,accelerating,1
C1012,1,Bond Wire,accelerating,1
C1013,1,Gate Oxide,linear,0
C1014,0,none,normal,
C1015,0,none,normal,
C1016,0,none,normal,
C1017,0,none,normal,
C1018,0,none,normal,
C1019,0,none,normal,
C1020,0,none,normal,
C1021,0,none,normal,
C1022,0,none,normal,
C1023,1,Gate Oxide,step,0
C1024,0,none,normal,
C1025,1,Gate Oxide,accelerating,1
C1026,0,none,normal,
C1027,0,none,normal,
C1028,0,none,normal,
C1029,0,none,normal,
C1030,0,none,normal,
C1031,0,none,normal,
C1032,1,Bond Wire,saturating,1
C1033,0,none,normal,
C1034,0,none,normal,
C1035,0,none,normal,
C1036,1,Bond Wire,linear,1
C1037,0,none,normal,
C1038,1,Gate Oxide,linear,1
C1039,0,none,normal,
C1040,0,none,normal,
C1041,0,none,normal,
C1042,0,none,normal,
C1043,0,none,normal,
C1044,0,none,normal,
C1045,0,none,normal,
C1046,0,none,normal,
C1047,0,none,normal,
C1048,0,none,normal,
C1049,0,none,normal,
C1050,0,none,normal,
C1051,0,none,normal,
C1052,0,none,normal,
C1053,0,none,normal,
C1054,0,none,normal,
C1055,0,none,normal,
C1056,1,Bond Wire,linear,1
C1057,0,none,normal,
C1058,0,none,normal,
C1059,0,none,normal,
C1060,0,none,normal,
C1061,0,none,normal,
C1062,0,none,normal,
C1063,0,none,normal,
C1064,0,none,normal,
C1065,0,none,normal,
C1066,0,none,normal,
C1067,0,none,normal,
C1068,0,none,normal,
C1069,0,none,normal,
C1070,0,none,normal,
C1071,0,none,normal,
C1072,0,none,normal,
C1073,0,none,normal,
C1074,0,none,normal,
C1075,0,none,normal,
C1076,0,none,normal,
C1077,0,none,normal,
C1078,0,none,normal,
C1079,0,none,normal,
C1080,0,none,normal,
C1081,0,none,normal,
C1082,0,none,normal,
C1083,0,none,normal,
C1084,0,none,normal,
C1085,0,none,normal,
C1086,0,none,normal,
C1087,0,none,normal,
C1088,0,none,normal,
C1089,0,none,normal,
C1090,0,none,normal,
C1091,0,none,normal,
C1092,0,none,normal,
C1093,0,none,normal,
C1094,0,none,normal,
C1095,0,none,normal,
C1096,0,none,normal,
C1097,0,none,normal,
C1098,0,none,normal,
C1099,0,none,normal,
C1100,0,none,normal,
C1101,1,Gate Oxide,linear,1
C1102,0,none,normal,
C1103,0,none,normal,
C1104,0,none,normal,
C1105,0,none,normal,
C1106,0,none,normal,
C1107,1,Gate Oxide,linear,0
C1108,0,none,normal,
C1109,0,none,normal,
C1110,0,none,normal,
C1111,0,none,normal,
C1112,0,none,normal,
C1113,0,none,normal,
C1114,0,none,normal,
C1115,0,none,normal,
C1116,0,none,normal,
C1117,0,none,normal,
C1118,0,none,normal,
C1119,0,none,normal,
C1120,0,none,normal,
C1121,0,none,normal,
C1122,0,none,normal,
C1123,0,none,normal,
C1124,0,none,normal,
C1125,0,none,normal,
C1126,0,none,normal,
C1127,0,none,normal,
C1128,0,none,normal,
C1129,0,none,normal,
C1130,0,none,normal,
C1131,0,none,normal,
C1132,0,none,normal,
C1133,0,none,normal,
C1134,0,none,normal,
C1135,0,none,normal,
C1136,0,none,normal,
C1137,0,none,normal,
C1138,0,none,normal,
C1139,0,none,normal,
C1140,0,none,normal,
C1141,0,none,normal,
C1142,0,none,normal,
C1143,0,none,normal,
C1144,0,none,normal,
C1145,0,none,normal,
C1146,0,none,normal,
C1147,0,none,normal,
C1148,0,none,normal,
C1149,0,none,normal,
C1150,0,none,normal,
C1151,0,none,normal,
C1152,0,none,normal,
C1153,1,Bond Wire,accelerating,1
C1154,0,none,normal,
C1155,0,none,normal,
C1156,0,none,normal,
C1157,0,none,normal,
C1158,0,none,normal,
C1159,0,none,normal,
C1160,0,none,normal,
C1161,0,none,normal,
C1162,0,none,normal,
C1163,0,none,normal,
C1164,0,none,normal,
C1165,0,none,normal,
C1166,0,none,normal,
C1167,0,none,normal,
C1168,0,none,normal,
C1169,0,none,normal,
C1170,0,none,normal,
C1171,0,none,normal,
C1172,0,none,normal,
C1173,0,none,normal,
C1174,0,none,normal,
C1175,1,Gate Oxide,linear,1
C1176,0,none,normal,
C1177,0,none,normal,
C1178,0,none,normal,
C1179,0,none,normal,
C1180,0,none,normal,
C1181,0,none,normal,
C1182,0,none,normal,
C1183,0,none,normal,
C1184,0,none,normal,
C1185,0,none,normal,
C1186,0,none,normal,
C1187,0,none,normal,
C1188,0,none,normal,
C1189,0,none,normal,
C1190,0,none,normal,
C1191,0,none,normal,
C1192,0,none,normal,
C1193,0,none,normal,
C1194,0,none,normal,
C1195,0,none,normal,
C1196,0,none,normal,
C1197,1,Bond Wire,accelerating,1
C1198,1,Generic Latent,saturating,1
C1199,1,Gate Oxide,accelerating,1
C1200,0,none,normal,
